rank	username	minecraft:picked_up/minecraft:cooked_mutton
1	corvidpartyfor6	1154
2	k_ce	964
3	HellsSponge	909
4	Blackberry1310	809
5	FreakGenius	787
6	Frozil20	734
7	EMC_	689
8	TheShyPig	643
9	Enderxz3	506
10	QuiCreans	453
11	kekhon	437
12	oscminus	420
13	doublemaki	409
14	claivin	408
15	burbankbuilder28	407
16	El_Jalapeno	394
17	SaucyDark	383
18	Kakolbus	382
19	pintsizedrogue	325
20	The11thDoctor	303
21	Akoot_	280
22	Secret_Canary	279
23	legal_tax_evader	277
24	301851	273
25	EveryonesUncle	257
26	Mahoose	255
27	Di_infiri	242
28	Blu3beast	239
29	00000000-0000-0000-0009-01ff0c3e5e4f	237
30	fffMike	229
31	Caribouse	212
32	Yamdalorian	207
33	RebelAndroid	205
34	djancak	203
35	T045RTY	195
35	rarrq	195
37	ayamefag	185
38	SuperPooch06	182
39	yulgur1	174
40	PhantomsGhost_	166
41	beeperbeeper5	163
42	Kowcio_	151
43	gren_ben	150
44	CLG_Kata	143
45	KingMatthew506	141
46	SeverianOfUrth	137
46	hanaryheatwave	137
48	ConnorDanky_	133
49	eitanzaki	132
50	Lez_	130
51	IAmTheWalrus910	129
52	mimbo1211	125
52	sp00ky_ghost977	125
54	set67	119
55	Luigipunch989	118
56	PeteO1995	117
56	3_Solar_3	117
58	mwrty	116
58	Spenduh	116
60	Nicserso	110
61	Tyrannosplart	109
62	xxPipperDipperxx	105
63	UrbanPlanningEx	103
64	Rumpletaezer	99
64	jnp_gaming	99
66	Bandito_Roamer	98
66	BigCronkin	98
68	Segotep999	97
69	I_Am_Mushkin	95
69	Killercatty78	95
71	emrekn	94
72	Groovy_MoonBird	93
73	thescout7	89
74	Winklepicker279	87
75	Incinere	85
76	Werbe	83
77	thewindmillman	79
77	monky_irl	79
79	MrKrabOnCoke	78
79	fade_emerge78823	78
79	groofles	78
79	lordpipe	78
83	Myszoaz	77
83	Tersea_	77
85	MuffinManzz	76
85	seanitoo	76
87	yheece	75
88	soundad	74
88	Legendosh	74
90	_Karmaa	73
91	h2p_emrld	71
92	kkatsuragi	68
92	trexgb	68
94	Pofen	67
94	F_Uhre	67
94	Jiminbub	67
97	shadowthemonkey	66
97	IlkeCookes_	66
99	Hahaa_0	64
100	Mr_Froxy	63
101	gaziter10	61
101	Blaiku	61
103	ElKaySVK	60
104	Hyp3rion_	58
104	EdGalbraith	58
106	Comma__	57
106	thatsjustfrankie	57
108	luseis	56
108	EcksD	56
110	taengoos	55
111	IamCL4SSY	53
112	BPTY4618	52
112	obzii	52
114	Crowman1	51
114	Lutres_	51
114	AvaRosey	51
114	Heisenbberrg	51
118	abdomera	50
118	ratglock	50
120	Cruncy_	49
120	robonya_	49
120	jcool7	49
120	FishisTTV	49
124	MOSS000	48
124	MattieHD	48
124	sufjanlover	48
124	Kura2218	48
128	NomadicRobin_	47
128	Toriankel	47
130	Literally_Rat	46
130	AlexxO_o	46
130	LeEricc	46
133	RobotMinion101	45
133	Xclax101	45
135	Merv__	44
135	Inbefour	44
135	IdeallyGrey	44
135	CoryJJ	44
139	powercas_gamer	43
139	Nach0Bear	43
139	Lord_Jord	43
139	Steelynan	43
143	Alteriity	42
143	Skylord_Luke	42
143	VentiHilton	42
146	_Dean_123	41
146	00000000-0000-0000-0009-01fe065167f0	41
148	TeenMomTom	40
149	BlancoFlaco	39
149	Giannism	39
149	Jackattack53	39
149	Moofyman	39
149	pmxi	39
149	Spacewardharpy7	39
149	Soplight	39
156	Z3braYTIL	38
156	SHAOBADMAN	38
156	Krowuss	38
156	Sophia_Irene	38
156	ebanana	38
156	_flud	38
162	Tjhodskins19	37
162	Syropatathe	37
164	Jorrdi	36
164	AlphaWolfPlaysMC	36
164	DarlaMeow	36
164	Eraxa	36
168	Deu_Stew	35
168	5hit455	35
168	masskedman	35
168	Dakar_	35
168	tartanboy	35
173	Foof13	34
173	Bumpy419	34
175	Apollo_993	33
175	TheSecondLord	33
175	bloodbiter	33
175	_MeowMix	33
175	CacheOut	33
175	TheSandwhich_	33
181	HeraclesOGU	32
181	xzvu	32
181	Njensen7	32
184	420BreadLizard	31
184	Druid95	31
184	Skippeh	31
187	jimintyy	30
187	TheRoboSock	30
187	Warlord324	30
190	ImpavidArcher	29
191	CliffEmAll	28
191	dragon589	28
191	aqenslover	28
194	Froste131	27
194	ECstardust	27
194	Wooptey	27
194	Voxin2K	27
194	ooga47	27
194	geekbird	27
200	Vlorox	26
200	SaphSaff	26
200	6king6colt6	26
200	cheerytomato	26
200	Sharksicle_art	26
205	Batman922	25
205	calamariclam_I	25
207	EdaterPure	24
207	hm947	24
207	TinMaster	24
207	Blazebit	24
207	TheDankPlatypus	24
207	OreTheBear	24
207	ApophisNova	24
207	MyNamaSheff	24
207	HesDemonPants	24
216	Jackster03	23
216	Gregward_Smith	23
216	r123moore	23
219	shineh10	22
219	TooManyDuck	22
219	Julmish	22
219	joethahobo	22
219	dopplexd	22
219	intropass	22
219	LeCavalier636	22
226	Ryan_GEMS	21
226	TheThomas69	21
226	Dali1465	21
226	2Stout	21
226	LofiGura	21
226	WYFYoyo	21
232	peach0s	20
232	elmer1234	20
232	Inchef	20
232	Arceus1975	20
232	BRRRN179	20
232	goldyx	20
232	dotterel2	20
239	Whalezz	19
239	_Virify_	19
239	SpartanNamor	19
239	MixerDixer	19
239	_Razaria	19
239	NieToksikpl	19
239	_8man	19
239	Hiryu27	19
239	emreknugrlu	19
239	bloomkieren	19
239	MrShojo	19
239	brofrickcheaters	19
239	RadarHz	19
239	00000000-0000-0000-0009-01faf4342590	19
253	lorpus	18
253	BlueZabu	18
253	trixterrx	18
253	GooseWithin	18
253	AuroraSkies	18
253	QueenShuvi	18
253	Shin69	18
253	elliebelle107	18
261	Juansinmiedo18	17
261	Touched_Bread	17
261	audiocracked	17
261	MustaLoordi	17
261	Razzgriz	17
261	es0th	17
267	BodaciousCake	16
267	Bane_of_Solace	16
267	Huwulling	16
267	InfernalMound	16
267	Studio4x32	16
267	squeezal	16
267	KartivGal	16
267	Quaintster	16
267	Juk3b0x	16
267	TechnoNinja64	16
277	RosaDoesMC	15
277	KingFaenor	15
277	elleparo	15
277	yuuxxii	15
277	Kubelz	15
277	Onennon	15
277	DC_XII	15
277	airbkane	15
277	alanbleachdemon	15
277	hermmm_	15
287	Euclidoris	14
287	Norrhede	14
287	AJplaysMC_	14
287	TheWildMateo	14
287	zToasty69z	14
287	TruestTurnip	14
293	Reamdin	13
293	Ssor69	13
293	FirsTimeGamingTV	13
293	Covalents	13
293	knock369	13
293	ImDisconnected_	13
293	milltesco	13
293	Snowflowe	13
