rank	username	minecraft:picked_up/minecraft:oak_log
1	Hyp3rion_	427818
2	thewindmillman	125524
3	Spacewardharpy7	39395
4	Blackberry1310	25121
5	Legendosh	24005
6	joethahobo	21969
7	EveryonesUncle	20395
8	Yamdalorian	18552
9	Mr_Byzantine	18304
10	FreakGenius	17249
11	Jackattack53	15926
12	luseis	14046
13	cutelilreno	13991
14	rarrq	13574
15	Di_infiri	12734
16	TheShyPig	12291
17	noam464	11981
18	Skylord_Luke	11917
19	HellsSponge	11479
20	Mahoose	11063
21	m_be9	10624
22	CoffeeNoir	10391
23	PazinGaming	10287
24	beeperbeeper5	9896
25	Snowflowe	9827
26	El_Jalapeno	9152
27	Kowcio_	9062
28	Quotary	8653
29	Werbe	8508
30	EMC_	8494
31	lordpipe	8450
32	NomadicRobin_	8350
33	Jonafrog99	7892
34	Frozil20	7751
35	Onennon	7718
36	Buuck_	7326
37	Enderxz3	7007
38	Kakolbus	6930
39	Z3braYTIL	6868
40	mwrty	6503
41	Racengan	6492
42	eitanzaki	6476
43	doublemaki	6474
44	EcksD	6421
45	Spaghettatron	6369
46	oscminus	6286
47	gcaisawesome	6033
48	hanaryheatwave	6031
49	LordSpeed37	5724
50	hermmm_	5604
51	j5ylim	5584
52	Alteriity	5323
53	TheThomas69	5203
54	Lez_	5145
55	Bumpy419	5002
56	ee_echo_oo	4940
57	2Stout	4915
58	MyNameIsJobo	4902
59	taengoos	4886
60	_Dean_123	4822
61	royal_2	4811
62	Winklepicker279	4801
63	pintsizedrogue	4762
64	ROY4LE	4587
65	TheKingK_	4584
66	Akoot_	4540
67	_Karmaa	4492
67	HesDemonPants	4492
69	Lord_Jord	4367
70	PlasticOtari	4356
71	CharlieButt	4279
72	ConnorDanky_	4225
73	Crowman1	4209
74	PhantomsGhost_	4128
75	hcb238	4065
76	Iamthejo	4062
77	Steelynan	4033
78	ApophisNova	4031
79	MyNamaSheff	4025
80	thescout7	3945
81	set67	3881
82	PigDab	3880
83	Inchef	3842
84	yulgur1	3833
85	burbankbuilder28	3738
86	Merv__	3719
87	MightyWertu	3717
88	Literally_Rat	3679
89	SpacesickPrism	3673
90	Kouridragon	3621
91	craaaash	3614
92	Truckoss	3600
93	SteveCraftBlocks	3555
94	Segotep999	3528
95	DrowsyOracle	3460
96	oreee	3458
97	Huwulling	3358
98	shineh10	3347
99	_Virify_	3331
100	U_Mos_	3307
101	Malorn_Aetherius	3298
102	AstreaTSS	3271
103	pixelviolin	3207
104	CacheOut	3190
105	Mewar	3188
106	_witch_craft_	3149
107	XboxPanda	3115
108	PlzNoBM	3100
109	Dogcorn69420	3094
110	bloodbiter	3061
111	500am	3013
112	DJzombiehunter	3011
113	knarian	2928
114	KingMatthew506	2903
115	Hahaa_0	2902
116	TechnoNinja64	2888
117	RebelAndroid	2840
118	Fildyr	2817
119	calamariclam_I	2813
120	TheSeismicDuck	2795
121	Hisiste	2790
122	Jimb0nat0r	2775
123	excelsionprime	2756
124	SvenskaHugo	2719
125	Warlord324	2711
126	__tomato	2708
127	TheSecondLord	2683
128	Cowison	2642
129	mihimihimihi	2634
130	Mattesco	2629
131	eiC_	2616
132	Studio4x32	2579
133	Cocoamallows	2557
134	PortlyPete69	2546
135	WyngGoy	2522
136	vandmanden	2513
137	Heisenbberrg	2506
138	Ezekson	2502
139	Blaiku	2490
140	ShedJr_	2488
141	Yaspresents	2437
142	6king6colt6	2408
143	Xclax101	2399
144	Caribouse	2390
145	Euclidoris	2333
146	Pumpkin_P_Patch	2326
147	MAns_44	2318
148	CattSoup	2293
149	wwwwinnebagoooo	2289
150	Creativebuilder2	2276
151	Inbefour	2270
152	miramyu	2263
153	Rebytre	2225
154	Manaateee	2218
155	Fullut	2210
156	Darkgon	2201
157	RyuNeko932000	2187
158	Sleepy_Time_	2180
159	crying_wolf_13	2173
160	Nicserso	2157
161	Tersea_	2151
162	DanTheBuilderino	2147
163	SpartanNamor	2135
164	Syropatathe	2083
164	TheWickedBird	2083
166	BlancoFlaco	2081
167	CollinMH06	2071
167	Reneedium	2071
169	kekhon	2057
170	ImpavidArcher	2050
171	Burge_r	2046
171	Sheldor097	2046
173	F_Uhre	2039
174	301851	2028
175	SammiWolfGirl	2026
176	Marbz_	2024
177	Wooptey	2003
178	QuiCreans	1976
179	Morgf	1973
180	NatalieTW	1935
181	XxCookiequeenxX	1864
182	Avocadogerms	1848
183	livingdaydreams	1829
184	non089	1823
185	Jekyll	1822
186	Historical_Sand	1803
187	AlphaWolfPlaysMC	1779
188	claivin	1731
189	07shiny	1730
190	cheerytomato	1696
191	ZeroAbyssTTV	1677
192	Groundler	1670
193	abdomera	1651
194	Lutres_	1642
195	Archsam	1640
196	Ssor69	1629
197	Megarboh	1622
198	GingerNeutron	1617
199	IWorkAtIkea	1613
199	thatsjustfrankie	1613
201	ougstur	1610
202	jnp_gaming	1602
203	Niklas20114552	1600
203	Arceus1975	1600
205	parodypatient	1598
206	Gus2005	1579
207	fr0stss	1574
208	OfficerAnvil	1572
209	ooga47	1561
210	Skippeh	1553
211	groofles	1544
212	Luigipunch989	1536
213	NieToksikpl	1534
214	masskedman	1530
215	WET_WET_WET	1528
216	TheDankPlatypus	1527
217	kkatsuragi	1506
218	fkGrim	1498
219	ogoa	1497
220	MattieHD	1483
221	Jovaphobic	1475
222	Njensen7	1474
223	Kyrum2169	1468
224	ewsophie	1461
225	DanielMmm	1452
226	Quaintster	1450
227	Flex_Tape_Phil	1443
228	_i_ERROR_i_	1437
229	SDMNAEK	1403
230	CarltheCuck	1387
231	MilleGrug	1382
232	BumbleBeever	1368
233	Zaridey	1361
234	RadarHz	1358
235	Sral7	1318
236	MinttyFressh	1303
237	ssleepless	1296
238	SkateboardR6	1295
239	Flores991	1292
240	_Nuf	1291
241	xzvu	1289
242	SvenskaSara	1284
243	00000000-0000-0000-0009-01ff0c3e5e4f	1278
244	Gzrdy	1262
245	OG_Songsee	1256
246	Jimi7hits	1251
247	MrShojo	1249
248	theonlymagikarp	1240
249	tompup	1236
250	jacxhadow	1230
251	Soap_Bender	1224
252	toj__	1221
253	wiqor	1217
254	Powowowow	1211
255	fade_emerge78823	1206
256	DisgruntledKoala	1203
257	Krowuss	1196
258	The_slideV3	1192
259	Rumpletaezer	1186
260	Quincannon	1178
260	ReyTheLegend	1178
262	Groovy_MoonBird	1168
263	xxPipperDipperxx	1167
264	Iagoku	1146
264	LugusMcGrugus	1146
266	MyMawgDonaldsGon	1145
267	The11thDoctor	1130
268	Zythose	1128
268	ProfessorDiaper	1128
270	TwinTowerV2	1127
271	sp00ky_ghost977	1122
272	Kronos42	1121
273	Vizzoid	1113
274	MC_Skribble	1112
275	Soplight	1101
275	diggydog67	1101
277	Bandito_Roamer	1096
278	YairZaki	1094
279	RobotMinion101	1078
280	GooseWithin	1061
281	zToasty69z	1057
282	Kateesaur	1052
283	TheBiggestFeller	1050
284	Matemkas	1048
285	TheFlfthHorseman	1038
286	Kferno	1035
287	soundad	1028
287	Meatlaugh	1028
289	teslawolf38	1023
290	AuroraValkyrie	1021
291	ZaneABrain	1015
292	Ozixar	1013
293	blackeemperor	1010
294	lpinfinity	1003
295	Covalents	1001
296	Secret_Canary	985
296	whoaluv	985
298	NotMyLucKMC	984
299	TableTim	983
300	PuFY	973
