rank	username	minecraft:picked_up/minecraft:stone_bricks
1	thewindmillman	87738
2	HellsSponge	66938
3	Ezekson	38266
4	Yamdalorian	32084
5	beeperbeeper5	27754
6	Skylord_Luke	22582
7	burbankbuilder28	22014
8	EveryonesUncle	21041
9	Mr_Byzantine	18243
10	Kakolbus	18049
11	pixelviolin	15751
12	pintsizedrogue	14420
13	TheShyPig	13558
14	PigDab	10411
15	Spacewardharpy7	10279
16	doublemaki	10000
17	Hyp3rion_	9752
18	Frozil20	9675
19	Spaghettatron	9534
20	noam464	9324
21	FreakGenius	9099
21	WyngGoy	9099
23	joethahobo	9002
24	Werbe	8936
25	fffMike	8751
26	Di_infiri	8740
27	Kowcio_	8557
28	Arceus1975	8030
29	TheSecondLord	8025
30	Jackattack53	7909
31	MyNameIsJobo	7400
32	cutelilreno	7378
33	ApophisNova	7311
33	MyNamaSheff	7311
35	_Virify_	6843
36	rarrq	6237
37	thescout7	6213
38	Akoot_	6114
39	Chromary	6092
40	Snowflowe	6032
41	kekhon	5964
42	Zythose	5903
43	TheDankPlatypus	5755
44	obzii	5749
45	Euclidoris	5436
46	500am	5358
47	Niklas20114552	5341
48	luseis	5299
49	eitanzaki	5120
50	Legendosh	5110
51	Skippeh	5058
52	EcksD	5043
53	hanaryheatwave	4996
54	mihimihimihi	4892
55	ImpavidArcher	4882
56	TheWickedBird	4828
57	Mahoose	4509
58	NoChumpChange	4335
59	12Magner05	4303
60	Tersea_	4246
61	Onennon	4169
62	Warlord324	4156
63	Xalithia	4136
64	TwinTowerV2	4125
65	madderfall	4122
66	Literally_Rat	4114
67	Enderxz3	4054
68	_Nuf	4030
69	_Dean_123	4022
70	TheSeismicDuck	3922
71	Xclax101	3879
72	Blu3beast	3868
73	jcool7	3854
74	Rebytre	3758
75	craaaash	3746
76	diamondgolem35	3609
77	EMC_	3573
78	Rumpletaezer	3571
79	StinkyDiplomat	3530
80	Tyrannosplart	3518
81	Gregward_Smith	3490
82	Racengan	3471
83	Bumpy419	3466
84	Cowison	3382
85	Historical_Sand	3380
86	Maenara	3369
87	Incinere	3270
88	Eraxa	3264
89	Fullut	3235
90	Jovaphobic	3229
91	Jimb0nat0r	3196
92	_Karmaa	3192
93	PlasticOtari	3173
94	SammiWolfGirl	3108
95	legal_tax_evader	3094
96	Groundler	3014
97	El_Jalapeno	3006
98	Lord_Jord	2974
99	Inchef	2964
100	OfficerAnvil	2946
101	royal_2	2914
102	ROY4LE	2886
103	m_be9	2862
104	gamerlord1324	2836
105	hcb238	2817
106	Manaateee	2760
107	ShedJr_	2753
108	MC_Skribble	2649
109	Ryan_GEMS	2606
110	SpacesickPrism	2564
111	h2p_emrld	2406
112	Shogunite	2357
113	RobotMinion101	2356
114	Hiryu27	2321
115	fr0stss	2309
116	chiakirice	2285
117	Buuck_	2263
118	CacheOut	2254
119	Spenduh	2223
120	impossibleteapot	2188
121	lordpipe	2183
122	xxPipperDipperxx	2053
123	ECstardust	2012
124	mwrty	2010
125	miramyu	1969
126	Segotep999	1968
127	CrateOfBoxes	1961
128	The_slideV3	1938
129	MattieHD	1926
130	Huwulling	1924
131	Megarboh	1915
132	Quotary	1892
133	PhantomsGhost_	1864
134	r123moore	1859
135	Archsam	1851
136	Toiton	1842
137	k_ce	1829
138	Blackberry1310	1778
139	PazinGaming	1754
140	__Auspicious	1723
141	ConnorDanky_	1722
142	selectrix	1710
143	set67	1655
144	Ryker	1638
145	_stets	1634
146	Lez_	1629
147	Fuhrer_Teemo	1615
148	ZeaBaron	1605
149	00000000-0000-0000-0009-01fa5d833510	1602
150	AssFullaCum	1585
151	TechnoNinja64	1579
152	robertsnose	1562
153	Malorn_Aetherius	1561
154	Zaridey	1553
155	BadenOnGod	1539
156	Druid95	1527
157	Dakar_	1523
158	Mattesco	1490
159	Ssor69	1472
160	XboxPanda	1435
161	NameGenerat0r	1434
162	CattSoup	1425
163	JETrotter	1389
164	MightyWertu	1382
165	oscminus	1379
166	CaptainDeadBread	1377
167	Hoid_the_Roamer	1372
168	Lekol	1320
169	DrowsyOracle	1303
170	_Huge_Male_	1301
171	crying_wolf_13	1289
172	censorsheep	1275
173	TheSandwhich_	1272
174	NieToksikpl	1249
175	Lutres_	1229
176	Soap_Bender	1213
177	EdGalbraith	1201
178	benediktine1	1196
179	lorpus	1137
180	fkGrim	1126
181	podduszenie	1123
182	U_Mos_	1116
183	SaphSaff	1115
184	KingMatthew506	1108
185	07shiny	1107
186	SlayerCrypto	1100
187	claivin	1096
188	CalebDHawk	1094
189	Pumpkin_P_Patch	1090
190	teslawolf38	1084
191	Merv__	1072
192	Kubelz	1063
193	IamCL4SSY	1050
194	Avocadogerms	1046
195	Inbefour	1032
196	eviltunix	1030
197	Studio4x32	1011
198	SteveCraftBlocks	1010
199	Fildyr	1007
200	Stiar	996
201	jacxhadow	992
202	_i_ERROR_i_	983
203	Crowman1	963
204	F_Uhre	962
205	gcaisawesome	959
206	Steelynan	948
207	Kamflame	937
208	HUNTERmaun	930
209	UrbanPlanningEx	915
210	Masssonnn	913
211	Crowvens	888
212	lpinfinity	878
213	IlkeCookes_	877
214	Boipl	866
215	Hisiste	855
216	XxCookiequeenxX	854
217	Sheldor097	844
218	DemTechAlpha	835
219	Blaiku	833
220	fw3xy	832
221	SquadMonster	822
222	prizm_	814
223	Sral7	802
224	Comma__	800
225	SteadyFeather77	797
226	Tiberonus	790
227	TooManyDuck	784
228	PeteO1995	781
229	SvenskaHugo	779
230	shineh10	770
231	SyntheticSurgeon	767
232	RoskobiOne	762
233	Caribouse	761
234	Skwillyum13	759
235	NotMeanttoChange	746
235	weabis	746
235	11Brewer	746
238	RebelAndroid	744
239	zorin123	741
240	q_wq	735
241	Tommhh	734
242	elliebelle107	733
243	Tongon	731
244	MonitorLizards	729
245	__tomato	728
246	T045RTY	723
247	FirsTimeGamingTV	718
248	BumbleBeever	716
249	CLG_Kata	715
249	himak1	715
251	QuiCreans	710
252	PortlyPete69	709
253	Natty	707
254	ssleepless	700
255	groofles	697
256	Dan_Scha	696
257	audiocracked	695
258	DarkS0L	694
259	Deathkob	693
260	AuroraValkyrie	689
261	Jakobo1337	676
262	ciemacigans	674
263	MovingFish7	668
264	Burge_r	660
265	FennYuzuna	647
266	Quaintster	646
267	6king6colt6	645
268	paranoid_plant	620
269	Kijiki	614
270	Winklepicker279	609
271	wTXop	606
272	Secret_Canary	605
273	SkateboardR6	603
274	bbrothers4	599
275	txxskx	589
276	Tobinator_007	588
277	DinoDoctor_	585
278	Nicserso	583
279	EngagedGrub41	581
280	MrKrabOnCoke	575
281	TheDiamondCG	573
281	Nach0Bear	573
283	KartivGal	571
284	MixerDixer	565
285	Kferno	564
286	thebaddruid	563
286	ProfessorDiaper	563
288	Soplight	561
289	Lukeee33	558
290	TheKingK_	554
291	Tjhodskins19	549
292	Elastiq	542
292	Syropatathe	542
294	MisfitsMike	537
295	luvphan	535
296	Kubeusz2010	532
297	jjettii	529
298	DanTheBuilderino	509
299	JESS_THE_RERE	503
299	Heisenbberrg	503
