rank	username	minecraft:mined/minecraft:ender_chest
1	Mahoose	4113
2	Hyp3rion_	2248
3	oscminus	2065
4	pintsizedrogue	1229
5	Blaiku	1185
6	claivin	928
7	doublemaki	887
8	Di_infiri	755
9	Eraxa	744
10	MattieHD	700
11	thewindmillman	687
12	noam464	634
13	Blackberry1310	592
14	hermmm_	588
15	Snowflowe	556
16	Hisiste	537
17	pixelviolin	519
18	CoffeeNoir	516
19	knarian	515
20	Deathkob	514
21	Soplight	513
22	_Mythic____	492
23	jnp_gaming	477
24	Skippeh	456
25	12Magner05	426
26	Secret_Canary	416
27	Frozil20	406
28	WyngGoy	385
29	emreknugrlu	378
30	Krowuss	375
31	Apollo_993	370
32	luseis	352
33	PlasticOtari	351
34	MightyWertu	350
35	Jackattack53	328
36	FreakGenius	320
37	ECstardust	317
38	MakeHistory157	314
39	TheSecondLord	313
40	500am	307
40	Groundler	307
42	EveryonesUncle	303
43	jcool7	298
44	Fullut	286
44	Kowcio_	286
46	hanaryheatwave	282
47	Historical_Sand	278
48	m_be9	262
49	thescout7	261
50	Merv__	250
51	mwrty	248
51	Yamdalorian	248
53	Alteriity	243
54	Segotep999	232
55	Eczbek	227
56	IamCL4SSY	225
57	CLG_Kata	219
58	Zythose	215
59	Jimb0nat0r	202
60	Lez_	191
60	Bumpy419	191
62	NameGenerat0r	190
63	Barlycorn	175
64	PortlyPete69	174
65	Werbe	173
66	robertsnose	170
67	LexMakesHistory	168
68	6king6colt6	160
69	SpaceGrenadier	157
70	SingedBread	156
71	EdGalbraith	152
72	_Virify_	151
72	set67	151
72	Manaateee	151
75	PigDab	146
75	cutelilreno	146
77	masskedman	142
77	Enderxz3	142
79	titanlax	141
80	PhantomsGhost_	140
80	fkGrim	140
80	TheKingK_	140
83	beeperbeeper5	139
83	Cocoamallows	139
85	TheBananaKat	137
86	Spacewardharpy7	136
86	Dogcorn69420	136
88	EcksD	132
89	_3Stump_	130
90	Ezekson	121
91	Gus2005	119
92	Iamthejo	117
93	craaaash	112
94	MSK__	111
95	KartivGal	110
96	Marbz_	106
96	MilleGrug	106
98	pappaberg	104
99	M_Patata	102
99	Chromary	102
101	net_flex	99
101	Sral7	99
103	TechnoNinja64	94
104	Myszoaz	92
105	es0th	91
106	fw3xy	88
106	MasterNueve	88
108	eitanzaki	85
108	r123moore	85
110	AuroraValkyrie	84
111	Rebytre	80
111	EngagedGrub41	80
113	diamondgolem35	79
114	Mewar	77
114	SellyZ	77
114	Xclax101	77
117	elliebelle107	75
118	k_ce	71
118	shineh10	71
120	BronkerBrum	67
121	Kakolbus	66
121	NomadicRobin_	66
121	trexgb	66
124	emrekn	65
125	TheSeismicDuck	64
126	DarkS0L	61
126	Soap_Bender	61
126	MovingFish7	61
129	TooManyDuck	60
129	kekhon	60
129	Hoid_the_Roamer	60
129	ConnorDanky_	60
133	joethahobo	59
133	Saucepeh	59
135	Lorcout	58
135	jushykins	58
135	iSammael	58
138	Pumpkin_P_Patch	57
139	MinttyFressh	55
140	laron58	54
141	wx4z	53
141	Steelynan	53
143	tartanboy	52
144	Spenduh	51
145	Iagoku	50
145	DisgruntledKoala	50
145	BumbleBeever	50
148	Lepthymo	49
148	MyMawgDonaldsGon	49
148	ClemenPine	49
151	Yatitay	47
151	BobDeBouwer1337	47
151	legal_tax_evader	47
151	diggydog67	47
155	PazinGaming	46
155	EKUG	46
155	Huwulling	46
158	OG_Songsee	45
159	RebelAndroid	44
159	prizm_	44
159	ReSynced	44
162	catandmoose	43
163	Razzgriz	41
163	TheOuterCore	41
165	ImpavidArcher	40
166	U_Mos_	38
166	DTwenty	38
166	HellsSponge	38
166	the__Reaper4999	38
170	Awyrlas	37
170	Rocco_Lane	37
170	Blu3beast	37
170	_TCARREIRA_	37
174	DJzombiehunter	36
174	sp00ky_ghost977	36
176	G1ldor	34
176	gcaisawesome	34
176	Maenara	34
176	ItsDeltaMC	34
180	EMC_	33
180	mattybeewrapss	33
180	FishyBoy3811	33
180	Lord_Jord	33
180	calamariclam_I	33
185	Niklas20114552	32
185	Winklepicker279	32
187	I_Am_Mushkin	31
187	TheThomas69	31
187	hoaimi	31
190	Jovaphobic	30
190	philandr	30
190	yheece	30
190	TheShyPig	30
190	FelixPSY375	30
195	powercas_gamer	29
195	Rani_R	29
195	Kouridragon	29
198	BadenOnGod	28
198	gaziter10	28
198	ApophisNova	28
198	Luigipunch989	28
202	McCakeAh	27
202	NieToksikpl	27
202	HAIRYCLOUD626	27
202	__tomato	27
202	2blox_	27
207	poopybh	26
207	GooseWithin	26
207	xDraggin	26
207	That_tech_head	26
207	501g	26
207	MyNamaSheff	26
213	cyrusisntgay	25
213	AlexxO_o	25
213	Racengan	25
213	Airem_Core	25
213	chiakirice	25
213	RadarHz	25
213	little_dUki	25
220	XboxPanda	24
221	Ryan_GEMS	23
221	Stiar	23
221	blackeemperor	23
221	BungalowBeet	23
221	TheWickedBird	23
226	Mr_Byzantine	22
226	Kattma	22
226	Jimi7hits	22
226	Gab4101	22
226	weabis	22
226	Buuck_	22
226	mihimihimihi	22
226	lordpipe	22
226	FiguraDei	22
226	MustardSquid	22
236	j5ylim	21
236	royal_2	21
236	SeverianOfUrth	21
236	F_Uhre	21
236	Kubeusz2010	21
241	Skylord_Luke	20
241	Mattesco	20
241	HolyVenom	20
241	Luminad3	20
241	voiding_	20
246	ssleepless	19
246	Z3braYTIL	19
246	fade_emerge78823	19
246	Akoot_	19
246	Katthaj	19
251	Covalents	18
251	albus0x	18
251	xzvu	18
251	miramyu	18
255	mariominejedi	17
255	stavgod	17
257	Minimize501	16
257	jacxhadow	16
257	Inchef	16
257	ROY4LE	16
257	hcb238	16
257	eiC_	16
257	Samificator	16
257	Inbefour	16
257	LeEricc	16
266	ProbablyNick	15
266	Hpdinosaur	15
266	tuckerdoodle	15
266	Euclidoris	15
266	sammidk	15
266	groofles	15
266	Fuad_R	15
266	IlkeCookes_	15
266	striker90333	15
275	Rasmanden	14
275	Deodorante	14
275	_flud	14
278	SaltineDream	13
278	Cowison	13
278	ShedJr_	13
278	xxPipperDipperxx	13
278	Jonafrog99	13
278	Spaghettatron	13
278	JayToe	13
278	FishisTTV	13
286	T045RTY	12
286	Kkanot	12
286	Wowful	12
286	audiocracked	12
286	_Karmaa	12
286	El_Jalapeno	12
286	fffMike	12
286	Legendosh	12
286	TheSandwhich_	12
295	teslawolf38	11
295	rarrq	11
295	Fullbit_	11
295	Ender_Souls	11
295	Aezekial	11
295	ediballbearings	11
