rank	username	minecraft:mined/minecraft:sunflower
1	Enderxz3	865
2	corvidpartyfor6	541
3	beeperbeeper5	295
4	Yamdalorian	242
5	xxPipperDipperxx	206
6	AuroraSkies	168
7	Moofyman	165
8	Frozil20	162
9	12Magner05	146
10	Hoid_the_Roamer	134
11	Rebytre	122
12	_stets	115
13	500am	112
14	Legendosh	111
15	Kakolbus	108
16	Lutres_	103
17	CoffeeNoir	101
18	Mr_Byzantine	96
19	Nicserso	92
20	_witch_craft_	84
21	NotMyLucKMC	83
22	MAns_44	82
23	Jimb0nat0r	80
24	robonya_	73
25	pintsizedrogue	71
26	lunaticusx	69
27	corpsecity	68
28	Hyp3rion_	67
29	WYFYoyo	66
30	noam464	62
30	Manaateee	62
32	11Brewer	54
33	Mahoose	53
34	QuiCreans	51
35	Kubelz	50
36	2extreeme	48
37	RadarHz	47
38	Reneedium	43
39	tuckerdoodle	42
39	Windo_licker	42
39	Krowuss	42
42	joethahobo	40
42	Mr_Sun15	40
44	Pofen	39
45	CaracolCxnt	36
45	TheWickedBird	36
47	Swexti	32
47	Pumpkin_P_Patch	32
49	nattybears	30
49	Awyrlas	30
51	UncreativeArtist	29
51	HellsSponge	29
53	U_Mos_	28
54	Tyrannosplart	27
54	Dakar_	27
54	Gus2005	27
57	Lord_Lollo	26
58	KartivGal	25
59	T045RTY	24
59	Huwulling	24
59	Scags	24
59	Kowcio_	24
59	SpacesickPrism	24
64	Lez_	23
64	Alex_Hansen	23
64	jnp_gaming	23
67	EveryonesUncle	22
67	FreakGenius	22
69	Y_A_N_N_I	21
70	EnigmaTheYeen	20
70	Buuck_	20
72	RoskobiOne	19
72	Papudron	19
72	Deathkob	19
72	PortlyPete69	19
72	MsFemboy	19
77	PercivalCaduceus	18
77	burbankbuilder28	18
77	StinkyDiplomat	18
80	Tersea_	17
80	Spankathor	17
82	Apollo_993	16
82	BPTY4618	16
82	RatatJuice	16
82	jacxhadow	16
82	SammiWolfGirl	16
82	Steelynan	16
88	Mookle96	15
88	Fuad_R	15
88	CacheOut	15
88	EtherealEspresso	15
92	Mattesco	14
92	pixelviolin	14
92	PlasticOtari	14
95	Nicky_H225	13
95	DrowsyOracle	13
95	thewindmillman	13
98	Dynamic_wolf_1	12
98	jaimshae	12
100	Dumkii	11
100	EMC_	11
102	Prismyst	10
102	TheSecondLord	10
102	MattieHD	10
102	diggydog67	10
106	_Huge_Male_	9
106	BlancoFlaco	9
106	TheDankPlatypus	9
106	Boipl	9
106	JETrotter	9
106	Druid95	9
106	00000000-0000-0000-0009-01ff0c3e5e4f	9
113	YinToYin	8
113	Nach0Bear	8
113	orxngejuice	8
113	XxCookiequeenxX	8
113	doublemaki	8
113	00000000-0000-0000-0009-01fa5d833510	8
119	MyMawgDonaldsGon	7
119	Wooptey	7
119	royal_2	7
119	HoltGrim	7
119	mimbo1211	7
119	Skylord_Luke	7
119	PigDab	7
119	cutelilreno	7
119	wwwwinnebagoooo	7
119	GustavoMS_64	7
119	Spenduh	7
119	BubblyOrangutan	7
119	00000000-0000-0000-0009-01fe065167f0	7
132	Fullut	6
132	0nly_sn1per	6
132	Rocco_Lane	6
132	Akoot_	6
132	MinuteMira	6
132	Toriankel	6
132	Spacewardharpy7	6
132	ReyTheLegend	6
140	I_Am_Mushkin	5
140	Caribouse	5
140	eitanzaki	5
140	Blackberry1310	5
140	set67	5
140	Werbe	5
140	LexMakesHistory	5
140	SkateboardR6	5
140	Vicemaniac	5
140	2a1169f5-2eaf-4ab7-adff-73315e7d9ddf	5
140	Skippeh	5
151	pera_perkan	4
151	_Nat666	4
151	kekhon	4
151	squeezal	4
151	r123moore	4
151	LordZacler	4
151	Jekyll	4
151	Olib3ar	4
151	CarryLine	4
151	NomadicRobin_	4
151	Lord_Zacler	4
151	DJzombiehunter	4
151	iSammael	4
151	Segotep999	4
151	starbits140	4
166	YATO202010	3
166	EdaterPure	3
166	Niklas20114552	3
166	WoofWare	3
166	Sleek_Storm_721	3
166	chimpmunker	3
166	sapphyllia	3
166	lcn	3
166	Fappologist	3
166	Alteriity	3
166	ShedJr_	3
166	SteveCraftBlocks	3
166	_Dean_123	3
166	Dali1465	3
166	M_Patata	3
166	Di_infiri	3
166	DanielMmm	3
166	TheShyPig	3
166	luseis	3
166	DarlaMeow	3
166	Spaghettatron	3
187	xvphmura	2
187	fanofbands101	2
187	Napoleonpancake	2
187	PazinGaming	2
187	ECstardust	2
187	bigstankyy	2
187	hm947	2
187	Archsam	2
187	Sleepy_Time_	2
187	Whiterooster001	2
187	Arivana	2
187	Prodiginus	2
187	Crowman1	2
187	knarian	2
187	Master_Kol	2
187	PegLegPete93	2
187	SeverianOfUrth	2
187	Typkazprahe	2
187	craaaash	2
187	Jackattack53	2
187	Chromary	2
187	AstreaTSS	2
187	BeeMunch	2
187	lordpipe	2
187	MasterNueve	2
187	Eraxa	2
187	IdeallyGrey	2
187	tartanboy	2
187	Wolverine4302	2
187	CrazyPotater	2
187	MugguMoo	2
218	Jovaphobic	1
218	NatalieTW	1
218	Wwamess	1
218	Cowison	1
218	Yatitay	1
218	Gemstuff	1
218	ergoalias	1
218	gren_ben	1
218	Ryan_GEMS	1
218	ImpavidArcher	1
218	RebelAndroid	1
218	Rasaq	1
218	Myrlewen	1
218	Myszoaz	1
218	Historical_Sand	1
218	dimitri0s	1
218	Shazzyling	1
218	TheFlfthHorseman	1
218	HUNTERmaun	1
218	NieToksikpl	1
218	Auseawesome	1
218	Sleepy_Evelyn	1
218	jushykins	1
218	hydrothebot	1
218	MinttyFressh	1
218	mrnosetackle	1
218	ARandomHedge	1
218	Yuvl	1
218	GamerDuck123	1
218	LeCavalier636	1
218	Vetral1	1
218	Posseth	1
218	Tkraack	1
218	spellmre	1
218	sammidk	1
218	Elastiq	1
218	TimePilot	1
218	_Crimson_Legate	1
218	Syropatathe	1
218	emreknugrlu	1
218	Mr_Gulle_	1
218	Paul_Katan	1
218	El_Jalapeno	1
218	blackeemperor	1
218	GravitySaint	1
218	MonkeyTheGoat	1
218	LazySupport00	1
218	Airem_Core	1
218	IlkeCookes_	1
218	TheEnderMan548	1
218	AdmiralMoszi	1
218	MrShojo	1
218	Soplight	1
218	VittoValenttino	1
218	LeeMcGee30	1
218	MilleGrug	1
218	hermmm_	1
218	TheOuterCore	1
218	chiakirice	1
218	TheBananaKat	1
218	stephunade	1
218	DairyNickel756	1
218	FelixPSY375	1
218	HesDemonPants	1
218	Biites	1
218	calamariclam_I	1
218	FishisTTV	1
