rank	username	minecraft:dropped/minecraft:mossy_cobblestone
1	seramalen	676
2	kekhon	392
3	EMC_	310
4	Euclidoris	256
5	TechnoNinja64	241
6	gcaisawesome	180
7	pintsizedrogue	154
8	Secret_Canary	141
9	500am	132
10	k_ce	128
11	The_Quack_Dealer	120
12	blackeemperor	119
13	FreakGenius	105
14	thewindmillman	91
15	Segotep999	89
16	Eraxa	84
17	Uzbeki_John	72
18	Fuad_R	67
19	Akoot_	64
20	Mattesco	62
21	PazinGaming	61
22	groofles	56
23	Racengan	55
24	excelsionprime	54
24	Blu3beast	54
26	Sleepy_Evelyn	52
27	Jackattack53	48
27	HesDemonPants	48
29	Ecplosive	47
29	El_Jalapeno	47
31	emrekn	46
32	Hyp3rion_	42
32	monky_irl	42
34	Quaintster	39
35	NinjaKnifeKill	37
36	TheSecondLord	35
37	beeperbeeper5	34
37	AspenLightVT	34
37	EcksD	34
40	GGabrielSauce	29
40	noam464	29
40	Werbe	29
40	Spacewardharpy7	29
44	Fizznut909	26
45	miramyu	24
46	lordpipe	23
46	pixelviolin	23
48	Sabby65	22
48	IlkeCookes_	22
48	MilleGrug	22
51	H0UNDFRMH3LL	21
52	Killercatty78	20
52	_witch_craft_	20
52	OneLessChromosom	20
55	Di_infiri	19
55	PigDab	19
55	IamCL4SSY	19
58	eitanzaki	18
59	Tersea_	17
59	DairyNickel756	17
61	RoskobiOne	16
61	ECstardust	16
61	mwrty	16
61	EveryonesUncle	16
65	Mr_Byzantine	14
65	mihimihimihi	14
65	doublemaki	14
68	Arceus1975	13
69	Jovaphobic	12
69	akap47	12
69	_8man	12
69	impossibleteapot	12
73	Blackberry1310	11
73	Guillemet	11
73	Tyrannosplart	11
73	TheKingK_	11
73	Nicserso	11
78	Fullbit_	10
78	Kakolbus	10
78	Rebytre	10
78	Manaateee	10
78	Xclax101	10
78	NATE_the_HALO	10
78	diggydog67	10
85	CLG_Kata	9
85	joethahobo	9
85	LordZacler	9
85	Lord_Zacler	9
85	HellsSponge	9
85	Blaiku	9
85	Jimb0nat0r	9
85	00000000-0000-0000-0009-01ff0c3e5e4f	9
93	ZaneABrain	8
93	Swalt	8
93	QuiCreans	8
93	Chickenchaser2	8
93	FuxS0cy	8
93	__Fanda__	8
93	The11thDoctor	8
93	shrimp_flips	8
93	CalvinCandie17	8
102	_Huge_Male_	7
102	diamondgolem35	7
102	rarrq	7
102	12Magner05	7
102	fade_emerge78823	7
102	Rumpletaezer	7
102	AnnieBathory	7
102	AlexxO_o	7
102	MonitorLizards	7
102	FishisTTV	7
112	Frozil20	6
112	MyMawgDonaldsGon	6
112	livingdaydreams	6
112	Lez_	6
112	FirsTimeGamingTV	6
112	Scathra	6
112	craaaash	6
112	F_Uhre	6
112	Mr_Sun15	6
112	Lord_Jord	6
112	Spenduh	6
112	Spaghettatron	6
124	horrayhorray123	5
124	T045RTY	5
124	CoffeeNoir	5
124	SquadMonster	5
124	_Nuf	5
124	RIPB0ZO	5
124	legal_tax_evader	5
124	gog_9000	5
124	luseis	5
124	Meatlaugh	5
124	ElKaySVK	5
135	Alteriity	4
135	bloodbiter	4
135	Hetti301	4
135	AngalexikCZ	4
135	lpinfinity	4
135	SpicyMeatballs	4
135	Zaridey	4
135	WET_WET_WET	4
135	Donutt	4
135	oscminus	4
135	Dan_Scha	4
135	Tiktola01	4
135	Powowowow	4
148	Bandito_Roamer	3
148	Iagoku	3
148	RebelAndroid	3
148	royal_2	3
148	gabukun_	3
148	knarian	3
148	surfinggiraffejp	3
148	ROY4LE	3
148	XboxPanda	3
148	M_Patata	3
148	Silvo614	3
148	Bumpy419	3
148	txxskx	3
148	Nicky19	3
148	MAns_44	3
148	Druid95	3
148	MasterNueve	3
148	Luigipunch989	3
148	_i_ERROR_i_	3
148	youarefrench_	3
148	CattSoup	3
148	Legendosh	3
148	es0th	3
171	Louiis123	2
171	Groovy_MoonBird	2
171	Lorcout	2
171	NatalieTW	2
171	shineh10	2
171	gren_ben	2
171	ImpavidArcher	2
171	SaucyDark	2
171	MOSS000	2
171	MrKrabOnCoke	2
171	picardred	2
171	MattieHD	2
171	Fullut	2
171	KingEgg1	2
171	Touched_Bread	2
171	purpolepickle	2
171	Jonafrog99	2
171	burbankbuilder28	2
171	Skylord_Luke	2
171	ScootOfBoot	2
171	HyperCave	2
171	goldyx	2
171	FishyBoy3811	2
171	hoaimi	2
171	That_tech_head	2
171	Dakar_	2
171	claivin	2
171	DanTheBuilderino	2
171	_flud	2
171	MightyWertu	2
171	FiguraDei	2
171	WyngGoy	2
171	CacheOut	2
171	Kowcio_	2
171	PortlyPete69	2
171	Dogcorn69420	2
171	KeterComet	2
171	mawileite	2
171	Skippeh	2
171	11Brewer	2
171	cichy096	2
171	Enderxz3	2
171	imaginek1d	2
171	jnp_gaming	2
171	UrbanPlanningEx	2
171	Sral7	2
171	Yamdalorian	2
171	h2p_emrld	2
219	j5ylim	1
219	BPTY4618	1
219	Merv__	1
219	powercas_gamer	1
219	Caribouse	1
219	Creativebuilder2	1
219	BlancoFlaco	1
219	Sna_Ke	1
219	lorywithay	1
219	PhantomBionic	1
219	MSK__	1
219	Historical_Sand	1
219	dopplexd	1
219	Saucepeh	1
219	MinttyFressh	1
219	set67	1
219	Inchef	1
219	Mewar	1
219	eviltunix	1
219	Xalithia	1
219	NotKaden_	1
219	BlueZabu	1
219	Krowuss	1
219	Onennon	1
219	BRRRN179	1
219	XeroByMyth	1
219	zToasty69z	1
219	Kim_Jong_eel	1
219	Elastiq	1
219	Klerick	1
219	wezzzi	1
219	fkGrim	1
219	NumbaOneMunch	1
219	NameGenerat0r	1
219	Umprella	1
219	Gus2005	1
219	kitlash	1
219	_k2x	1
219	ChronoSounds	1
219	layabout100	1
219	Kura2218	1
219	_Mythic____	1
219	Decaying_Lotus	1
219	IdeallyGrey	1
219	Soplight	1
219	Chuglyfe	1
219	_TCARREIRA_	1
219	ProbsNotNova	1
219	VentiHilton	1
219	ConnorDanky_	1
219	HelloIamSora	1
219	PlasticOtari	1
219	trexgb	1
219	00000000-0000-0000-0009-01fc3bb26159	1
