rank	username	minecraft:custom/minecraft:total_world_time
1	EcksD	1626294302
2	Hyp3rion_	602286145
3	Spacewardharpy7	525072096
4	lordpipe	455175536
5	Lez_	421709728
6	Mahoose	292408801
7	thewindmillman	262800874
8	joethahobo	249813721
9	Jackattack53	244648059
10	pintsizedrogue	241162321
11	oscminus	233029651
12	luseis	205403651
13	Kowcio_	176143173
14	beeperbeeper5	171178813
15	SteveCraftBlocks	161541100
16	Manaateee	160185185
17	Mr_Byzantine	157943796
18	Yamdalorian	150130950
19	doublemaki	149809205
20	Mattesco	146599108
21	noam464	142327945
22	cutelilreno	139138062
23	SoosAmongus	123065828
24	hanaryheatwave	115197311
25	Enderxz3	104028618
26	craaaash	101299846
27	Spaghettatron	100524421
28	EMC_	96885425
29	500am	90687060
30	Alteriity	83763024
31	Caribouse	83713024
32	Jimb0nat0r	83488804
33	Ezekson	78967616
34	PlasticOtari	75798199
35	MattieHD	73673405
36	Huwulling	72255369
37	PazinGaming	66556677
38	wwwwinnebagoooo	66172828
39	k_ce	60702117
40	knarian	58741630
41	TheSecondLord	55711249
42	Marbz_	55363579
43	12Magner05	53906294
44	lpinfinity	53595542
45	Jimi7hits	53191950
46	MilleGrug	52763602
47	pixelviolin	49282831
48	Segotep999	46109399
49	Krowuss	45379452
50	mihimihimihi	45239994
51	MAns_44	44318100
52	EveryonesUncle	41687738
53	TheWickedBird	40026478
54	U_Mos_	39946313
55	_witch_craft_	39008419
56	Pumpkin_P_Patch	38084404
57	Rebytre	37900010
58	Merv__	37446008
59	MyMawgDonaldsGon	36562675
60	Niklas20114552	35803962
61	Steelynan	33725337
62	Soplight	33164562
63	Buuck_	33033789
64	ImpavidArcher	33016063
65	_Huge_Male_	31637575
66	Fuad_R	30946962
67	CacheOut	30660658
68	ECstardust	30392270
69	SpacesickPrism	30012959
70	Paul_Katan	29722431
71	non089	29258102
72	TheBananaKat	28749606
73	AlexxO_o	28518558
74	SvenskaHugo	27662213
75	bl1ss0	27382134
76	Werbe	27293959
77	IlkeCookes_	27006295
78	Lord_Jord	26616085
79	_Mythic____	26568534
80	TheKingK_	25425106
81	Inchef	25048200
82	Spenduh	24941434
83	Kakolbus	24736300
84	RoskobiOne	24458435
85	Arceus1975	24297521
86	calamariclam_I	23891270
87	milltesco	23849098
88	Akoot_	23637993
89	11Brewer	23469303
90	Apollo_993	22614539
91	gcaisawesome	22420844
92	00000000-0000-0000-0009-01ff0c3e5e4f	22394821
93	xxPipperDipperxx	22389383
94	QuiCreans	20546421
95	PaperCanvas	20375860
96	PigDab	20323398
97	FreakGenius	20303311
98	Iamthejo	20296292
99	fffMike	19841665
100	Legendosh	19797225
101	excelsionprime	18914490
102	CattSoup	18872104
103	skroobiez	18154532
104	Blackberry1310	18023013
105	StinkyDiplomat	17501044
106	Skylord_Luke	17333534
107	rarrq	17261722
108	DJzombiehunter	16772642
109	MinttyFressh	16735546
110	00000000-0000-0000-0009-01f8d9a2ec76	16614515
111	robonya_	16366126
112	AstreaTSS	16227696
113	Ryker	16086890
114	Felenov	15812368
115	weabis	15492368
116	Nicserso	15409654
117	Touched_Bread	15167530
118	Snowflowe	15017038
119	shadowthemonkey	14681341
120	EdGalbraith	14598192
121	EngagedGrub41	14523649
122	j5ylim	14406702
123	_Dean_123	14145028
124	Racengan	14111531
125	Archsam	13810807
126	Secret_Canary	13447559
127	catandmoose	12820553
128	SuperPooch06	12779780
129	McCakeAh	12558107
130	RebelAndroid	12463377
131	FiguraDei	12399250
132	diamondgolem35	12128615
133	Winklepicker279	12059226
134	powercas_gamer	11891694
135	NomadicRobin_	11878372
136	tuckerdoodle	11863187
137	shineh10	11861512
138	CLG_Kata	11667996
139	Dakar_	11493728
140	Frozil20	11349170
141	Lutres_	11217251
142	HUNTERmaun	11177286
143	Crowman1	11159035
144	Kubelz	10984107
145	hm947	10802575
146	hydrothebot	10786757
147	DrowsyOracle	10746277
148	RatatJuice	10645871
149	Elastiq	10532428
150	lorpus	10462912
151	GooseWithin	10410184
152	blackeemperor	10373981
153	Eczbek	10307616
154	NATE_the_HALO	10279530
155	Groovy_MoonBird	10269826
156	Boipl	9988533
157	SingedBread	9960851
158	BPTY4618	9942314
159	eitanzaki	9907699
160	LordZacler	9818128
161	Lord_Zacler	9815576
162	MisfitsMike	9629691
163	fw3xy	9480987
164	TheDankPlatypus	9451062
165	CoffeeNoir	9442860
166	DinoDoctor_	9435091
167	robertsnose	9343459
168	Creativebuilder2	9223479
169	lorywithay	9189434
170	corvidpartyfor6	9089529
171	SyntheticSurgeon	8851880
172	Njensen7	8843379
173	ActualPatbaf	8785333
174	2blox_	8764594
175	00000000-0000-0000-0009-01fe065167f0	8732902
176	DisgruntledKoala	8594464
177	hermmm_	8427373
178	Myszoaz	8369332
179	NieToksikpl	8363299
180	_i_ERROR_i_	8328038
181	Reneedium	8302070
182	Moofyman	8226686
183	Gus2005	8165612
184	philandr	8121376
185	Eraxa	8013422
186	SammiWolfGirl	7916811
187	TheWildMateo	7863786
188	fade_emerge78823	7687699
189	chiakirice	7598848
190	Sleepy_Evelyn	7490769
191	BungalowBeet	7368961
192	Rani_R	7301590
193	Tersea_	7281455
194	AltnumberF4	7239391
195	Zee_zey	7076084
196	zToasty69z	7031371
197	SvenskaSara	7008394
198	OreTheBear	6969095
199	MC_Skribble	6915951
200	Hoid_the_Roamer	6851728
201	q_wq	6741931
202	Hahaa_0	6718311
203	HolyVenom	6681728
204	groofles	6547150
205	ee_echo_oo	6545494
206	himak1	6537079
207	SlayerCrypto	6524953
208	Blaiku	6501054
209	Lorcout	6462221
210	_stets	6403479
211	El_Jalapeno	6356680
212	Skwillyum13	6341285
213	MSK__	6314438
214	AuroraSkies	6252191
215	royal_2	6192583
216	KamFurnace	6184749
217	kalzor	6146718
218	H0UNDFRMH3LL	6146231
219	NatalieTW	6139630
220	_flud	6119392
221	theonlymagikarp	6112149
222	T045RTY	6029188
223	LeCavalier636	5822976
224	prizm_	5815849
225	masskedman	5801406
226	XxCookiequeenxX	5783450
227	olliebollie48	5676525
228	Luminad3	5670238
229	Gzrdy	5612046
230	Avocadogerms	5532882
231	Jekyll	5506049
232	Mr_Sun15	5500121
233	Napoleonpancake	5464274
234	ZoomieZoomie	5437896
235	iSammael	5413735
236	DairyNickel756	5395932
237	Moss_2006	5240472
238	4774	5210275
239	Jonafrog99	5171449
240	Samificator	5108592
241	thatsjustfrankie	5096307
242	ItsDeltaMC	4965373
243	ProfessorDiaper	4957641
244	corpsecity	4937711
245	Rocco_Lane	4909918
246	iElijah_	4867732
247	Sleepy_Time_	4859429
248	UntCuPaine	4842605
249	Olib3ar	4821374
250	teslawolf38	4795869
251	obzii	4782523
252	CharlieButt	4734681
253	Auseawesome	4718592
254	Masssonnn	4699863
255	KeruNatsema	4528171
256	Megarboh	4454750
257	WET_WET_WET	4447558
258	Historical_Sand	4405814
259	HyperCave	4395749
260	00000000-0000-0000-0009-01fa5d833510	4376430
261	Umprella	4352490
262	Valoth	4337053
263	imcombxt	4322202
264	GildedRemnant	4318254
265	thebaddruid	4313304
266	_Duckery	4305203
267	SOA1RR	4281461
268	SnowfallUwU	4252721
269	Prismyst	4249717
270	TheEnderMan548	4216315
271	00000000-0000-0000-0009-01f536ca417f	4213819
272	Shortest_	4180074
273	gamerlord1324	4153804
274	SpartanNamor	4053825
275	MuffinManzz	3995407
276	That_tech_head	3994048
277	MrKrabOnCoke	3925191
278	2Stout	3923949
279	nattybears	3900701
280	SquadMonster	3860921
281	_Karmaa	3838144
282	Juansinmiedo18	3811601
283	WYFYoyo	3804880
284	ElectricDragon81	3793288
285	ARandomHedge	3751652
286	Killercatty78	3738309
287	shrimp_flips	3724730
288	IdeallyGrey	3720905
289	brofrickcheaters	3711590
290	ApophisNova	3652181
291	MyNamaSheff	3555427
292	gren_ben	3479316
293	FishisTTV	3452521
294	SolarKar	3368496
295	Dynamic_wolf_1	3335534
296	aldplaysmc	3331056
297	TipDuy3010	3305312
298	BeardBois	3288523
299	Quaintster	3247506
300	Kkanot	3223497
