rank	username	minecraft:used/minecraft:yellow_bed
1	4774	493
2	theonlymagikarp	470
3	Alteriity	208
4	PigDab	198
5	HellsSponge	110
6	LagVibes	107
7	EMC_	82
8	pintsizedrogue	78
9	MightyWertu	69
10	MattieHD	60
11	taengoos	59
12	Xclax101	55
13	ARandomHedge	48
14	pixelviolin	44
15	Jackattack53	42
16	kekhon	38
16	FreakGenius	38
18	Yamdalorian	35
19	Segotep999	34
20	500am	30
21	RebelAndroid	29
22	Dan_Scha	27
23	philandr	26
24	00000000-0000-0000-0009-01ff0c3e5e4f	24
25	PhantomsGhost_	23
25	Lez_	23
25	LeCavalier636	23
28	Bandito_Roamer	22
28	IdeallyGrey	22
30	Elastiq	21
30	Sheldor097	21
30	Legendosh	21
33	doublemaki	20
34	Hoid_the_Roamer	19
35	shineh10	18
35	Umprella	18
35	TheWickedBird	18
38	powercas_gamer	17
38	royal_2	17
38	ROY4LE	17
41	Di_infiri	15
42	BlancoFlaco	14
42	Archsam	14
42	oscminus	14
42	claivin	14
46	Louiis123	13
46	Chickenchaser2	13
46	CharlieButt	13
46	NomadicRobin_	13
46	DairyNickel756	13
46	PlasticOtari	13
52	Sleepy_Evelyn	12
52	Dakar_	12
52	El_Jalapeno	12
52	JosephCW	12
52	FormulaNewt3627	12
57	Frxnkz	11
57	corvidpartyfor6	11
57	gamerlord1324	11
57	TheShyPig	11
57	Spacewardharpy7	11
57	Soplight	11
57	Paguz01	11
64	Blackberry1310	10
64	_witch_craft_	10
64	Skwillyum13	10
64	creatineshakes	10
64	Luigipunch989	10
64	11Brewer	10
70	akap47	9
70	_Duckery	9
70	Mattesco	9
70	Lutres_	9
70	DanTheBuilderino	9
70	sp00ky_ghost977	9
70	Kowcio_	9
70	miramyu	9
70	non089	9
79	Mr_Byzantine	8
79	Vizzoid	8
79	legal_tax_evader	8
79	bee_gorl	8
79	Akoot_	8
79	Enderxz3	8
79	diggydog67	8
86	Apollo_993	7
86	xxPipperDipperxx	7
86	Kattma	7
86	Vetral1	7
86	djancak	7
91	k_ce	6
91	mihimihimihi	6
91	IlkeCookes_	6
94	Groovy_MoonBird	5
94	ImpavidArcher	5
94	Huwulling	5
94	Myrlewen	5
94	Saucepeh	5
94	shilohkid	5
94	Raspberry_Sodas	5
94	knarian	5
94	excelsionprime	5
94	PegLegPete93	5
94	Freeman666	5
94	AJplaysMC_	5
94	Hyp3rion_	5
94	SvenskaSara	5
94	EveryonesUncle	5
94	Vetomo8000	5
94	blimpeey	5
94	EcksD	5
112	MyMawgDonaldsGon	4
112	Dblikstad	4
112	SquadMonster	4
112	Tongon	4
112	TerraVl	4
112	Tmb1	4
112	benediktine1	4
112	bl1ss0	4
112	whoaluv	4
112	LilLizardWizard	4
112	Lord_Jord	4
112	Meepcraft	4
112	Manaateee	4
112	Fuad_R	4
112	Kubeusz2010	4
112	TwinTowerV2	4
112	00000000-0000-0000-0009-01fe065167f0	4
129	Mowelan	3
129	lwyl	3
129	ActualPatbaf	3
129	Mahoose	3
129	joethahobo	3
129	beeperbeeper5	3
129	uhm__okay	3
129	chlorinex	3
129	Lumien_	3
129	eviltunix	3
129	TableTim	3
129	Ecplosive	3
129	shadowthemonkey	3
129	swag_bro2004	3
129	AlexxO_o	3
129	Benjii05	3
129	Y_A_N_N_I	3
129	MAns_44	3
129	Methalox1	3
129	splatterhawk	3
129	Spankathor	3
129	Kyrum2169	3
129	Celeste_121	3
129	robonya_	3
129	Dogcorn69420	3
129	HesDemonPants	3
129	jnp_gaming	3
129	Jimb0nat0r	3
157	JohnnyFyes	2
157	Jalvajar	2
157	soundad	2
157	Merv__	2
157	Tolhart	2
157	aikabot	2
157	titanlax	2
157	Crowman1	2
157	_Z3RIX_	2
157	catandmoose	2
157	Guillemet	2
157	SteveCraftBlocks	2
157	set67	2
157	Fullbit_	2
157	Awyrlas	2
157	Inchef	2
157	mimbo1211	2
157	Aavermu	2
157	Queen_Jalapeno	2
157	Rebytre	2
157	Jekyll	2
157	Werbe	2
157	Dragonlfw	2
157	Mr_Froxy	2
157	KeruNatsema	2
157	albus0x	2
157	nvkomata	2
157	ogoa	2
157	420BreadLizard	2
157	audiocracked	2
157	JoeSaysBingBong	2
157	Thomez_	2
157	luseis	2
157	0xharshv	2
157	Shogunite	2
157	Twighst	2
157	EfficientC52	2
157	cutelilreno	2
157	Gus2005	2
157	Myntsys	2
157	MrShojo	2
157	TheKingK_	2
157	ProjectKernel	2
157	Eczbek	2
157	Ezekson	2
157	BreadBacon	2
203	MunkaKris	1
203	SaltineDream	1
203	GGabrielSauce	1
203	Lorcout	1
203	CLG_Kata	1
203	ECstardust	1
203	SlavBylat	1
203	bigstankyy	1
203	IronArshXS	1
203	Qalech	1
203	__lizi	1
203	Atomagus	1
203	eitanzaki	1
203	Dipjol	1
203	Simon_Lowell	1
203	steppe_nomad	1
203	Scags	1
203	SpaceGrenadier	1
203	rarrq	1
203	CaracolCxnt	1
203	Papudron	1
203	InfernalMound	1
203	TheSecondLord	1
203	FuxS0cy	1
203	bloodbiter	1
203	Albertalo	1
203	Tiberonus	1
203	Scattman_	1
203	thescout7	1
203	_Magdo_	1
203	Billeison	1
203	SUSUGAM	1
203	Admiral_Fizzy	1
203	LitoDelvito	1
203	Bolete	1
203	Gamergirl420628	1
203	ee_echo_oo	1
203	nitram49b	1
203	yheece	1
203	happy_mileo	1
203	thewindmillman	1
203	V2Loon	1
203	Boipl	1
203	OreTheBear	1
203	F_Uhre	1
203	jewbacaman	1
203	zToasty69z	1
203	Kim_Jong_eel	1
203	YahooScreen9000	1
203	lizardfightclub	1
203	Maenara	1
203	AuroraSkies	1
203	FreeMoCo2009	1
203	Wowful	1
203	KevinLikesPie	1
203	NoobSlayerPro	1
203	Gryglu583	1
203	AlexChristian	1
203	xofe	1
203	Toowny	1
203	Sakura_Jade	1
203	NameGenerat0r	1
203	Avocadogerms	1
203	E775	1
203	Leeeegend	1
203	OreoPenguin_	1
203	blackeemperor	1
203	LordAurum	1
203	Barlycorn	1
203	VilsSwag	1
203	Warlord324	1
203	Vorlice	1
203	Druid95	1
203	MakeHistory157	1
203	CacheOut	1
203	LordSpeed37	1
203	TheEnderMan548	1
203	07shiny	1
203	Leaille	1
203	Pumpkin_P_Patch	1
203	BlankityMcBlank	1
203	Ossem	1
203	__tomato	1
203	Spenduh	1
203	OkguyDan	1
203	_i_ERROR_i_	1
203	HAruSAme14	1
203	jcool7	1
203	AppleJacks	1
203	VentiHilton	1
203	chiakirice	1
203	cichy096	1
203	CattSoup	1
203	JungeSchnauzer	1
203	2blox_	1
203	FishisTTV	1
203	00000000-0000-0000-0009-01f8d9a2ec76	1
